{
  "version": "1.2.2",
  "manifest_version": 2,
  "name": "Rose Pine Moon",
  "theme": {
    "colors": {
      "bookmark_text": [
        224,
        222,
        244
      ],
      "frame": [
        35,
        33,
        54
      ],
      "ntp_background": [
        62,
        60,
        81
      ],
      "ntp_text": [
        224,
        222,
        244
      ],
      "tab_background_text": [
        224,
        222,
        244
      ],
      "tab_background_text_inactive": [
        224,
        222,
        244
      ],
      "tab_background_text_incognito": [
        224,
        222,
        244
      ],
      "tab_background_text_incognito_inactive": [
        224,
        222,
        244
      ],
      "tab_text": [
        224,
        222,
        244
      ],
      "toolbar": [
        62,
        60,
        81
      ],
      "omnibox_text": [
        224,
        222,
        244
      ],
      "omnibox_background": [
        35,
        33,
        54
      ]
    },
    "tints": {
      "buttons": [
        0.5482456140350876,
        0.5,
        0.5
      ],
      "frame_inactive": [
        -1,
        -1,
        -1
      ],
      "frame_incognito": [
        0.6904761904761905,
        1,
        0.55
      ],
      "frame_incognito_inactive": [
        0.6904761904761905,
        1,
        0.55
      ]
    }
  }
}