{
  "version": "1.2.2",
  "manifest_version": 2,
  "name": "Rose Pine Dawn",
  "theme": {
    "colors": {
      "bookmark_text": [
        87,
        82,
        121
      ],
      "frame": [
        227,
        221,
        220
      ],
      "ntp_background": [
        250,
        244,
        237
      ],
      "ntp_text": [
        87,
        82,
        121
      ],
      "tab_background_text": [
        87,
        82,
        121
      ],
      "tab_background_text_inactive": [
        87,
        82,
        121
      ],
      "tab_background_text_incognito": [
        87,
        82,
        121
      ],
      "tab_background_text_incognito_inactive": [
        87,
        82,
        121
      ],
      "tab_text": [
        87,
        82,
        121
      ],
      "toolbar": [
        250,
        244,
        237
      ],
      "omnibox_text": [
        87,
        82,
        121
      ],
      "omnibox_background": [
        227,
        221,
        220
      ]
    },
    "tints": {
      "buttons": [
        0.5476190476190476,
        0.5,
        0.5
      ],
      "frame_inactive": [
        -1,
        -1,
        -1
      ],
      "frame_incognito": [
        0.7129629629629631,
        1,
        0.45
      ],
      "frame_incognito_inactive": [
        0.7129629629629631,
        1,
        0.45
      ]
    }
  }
}